Campaign,Keyword,Match Type
UTec - Pesquisa - R100,grátis,Campaign Negative Phrase
UTec - Pesquisa - R100,gratis,Campaign Negative Phrase
UTec - Pesquisa - R100,gratuito,Campaign Negative Phrase
UTec - Pesquisa - R100,gratuita,Campaign Negative Phrase
UTec - Pesquisa - R100,download,Campaign Negative Phrase
UTec - Pesquisa - R100,baixar,Campaign Negative Phrase
UTec - Pesquisa - R100,crack,Campaign Negative Phrase
UTec - Pesquisa - R100,pirata,Campaign Negative Phrase
UTec - Pesquisa - R100,veterinaria,Campaign Negative Phrase
UTec - Pesquisa - R100,veterinário,Campaign Negative Phrase
UTec - Pesquisa - R100,pet,Campaign Negative Phrase
UTec - Pesquisa - R100,salão,Campaign Negative Phrase
UTec - Pesquisa - R100,beleza,Campaign Negative Phrase
UTec - Pesquisa - R100,estética,Campaign Negative Phrase
UTec - Pesquisa - R100,estetica,Campaign Negative Phrase
UTec - Pesquisa - R100,laboratorio,Campaign Negative Phrase
UTec - Pesquisa - R100,análises clínicas,Campaign Negative Phrase
UTec - Pesquisa - R100,emprego,Campaign Negative Phrase
UTec - Pesquisa - R100,vaga,Campaign Negative Phrase
UTec - Pesquisa - R100,curso,Campaign Negative Phrase
UTec - Pesquisa - R100,como criar,Campaign Negative Phrase
UTec - Pesquisa - R100,como fazer,Campaign Negative Phrase
UTec - Pesquisa - R100,php,Campaign Negative Phrase
UTec - Pesquisa - R100,código fonte,Campaign Negative Phrase
UTec - Pesquisa - R100,tcc,Campaign Negative Phrase
